{
    "Linear Regression": {
        "RMSE": 1.7896706644110614,
        "MAE": 1.047958552813314,
        "R2": 0.792836249372786
    },
    "Decision Tree": {
        "RMSE": 1.7995793980984827,
        "MAE": 1.0128030034540383,
        "R2": 0.7905359233139666
    },
    "Random Forest": {
        "RMSE": 1.6846283267289373,
        "MAE": 0.945724131587278,
        "R2": 0.8164409825119919
    },
    "XGBoost": {
        "RMSE": 1.60546763621939,
        "MAE": 0.9028597474098206,
        "R2": 0.8332865238189697
    }
}